url,score,metaTitle,metaDescription
http://razor-group.com,82,Razor Group,"Fast, fair & ‚ÄçForward Thinking. We know firsthand what it takes to grow and scale an e-commerce business: the sleepless nights, the investment, the pure passion."
http://www.korodrogerie.de/,0,N/A,N/A
http://www.isaraerospace.com,89,Home - Isar Aerospace,"By enabling access to space, we contribute to humanity‚Äôs progress and our planet‚Äôs sustainable technological and economic development. Select your journey to orbit and launch with us."
http://matter-labs.io,93,"Matter Labs ‚Äî an engineering team passionate about liberty, blockchain, and math. You might know us as humble creators of zkSync",We are scaling Ethereum with zero-knowledge proofs. This is a key technology to enable mainstream adoption of crypto (i.e. public blockchains). Our mission is to accelerate this inevitable outcome of the ongoing digital revolution.
http://parloa.com,82,"Parloa | We unleash the full potential of conversational AI","Transform your customer service with our customized, enterprise-ready contact center AI platform across all channels."
http://hygraph.com,85,"The Next Generation GraphQL Headless CMS | Hygraph","Hygraph is the next generation GraphQL-Native Headless CMS powering mission-critical applications. Streamline content workflows, iterate faster and deliver to any destination of choice using our content APIs."
http://www.enter.de,88,Enter - Dein Rundum-Service f√ºr die energetische Sanierung üåç,"Energieeffizienz leicht gemacht: Individuelle Energieberatung, lokale Handwerker-Angebote und express F√∂rderservice mit Enter!"
http://www.finanzguru.de,72,Finanzguru - Dein digitaler Finanzassistent,No meta description
http://www.moonfare.com,87,"Invest In Private Equity and Alternatives | Moonfare",Moonfare is a private equity investing platform making top-tier funds available to retail and institutional investors at lower minimums.
http://www.mondu.ai,90,"Advanced Buy Now, Pay Later solutions for B2B Sales | Mondu","Digital B2B payments for online and offline B2B commerce | Offer flexible BNPL solutions to your business customers without risk and grow your B2B sales."
http://www.finn.auto/,84,Auto Abo von FINN: Maximale Flexibilit√§t zum Fixpreis!,Entdecken Sie ultimative Flexibilit√§t mit dem Auto Abo von FINN. Sichern Sie sich Ihr Traumauto im Rundum-sorglos-Paket. Jetzt abonnieren! 
http://www.clark.de,100,"CLARK | Dein Versicherungsmanager",Mit CLARK managst du deine Versicherungen online & sparst bis zu 50 % pro Jahr. Starte jetzt und erhalte endlich √úberblick √ºber deine Versicherungen.
http://www.medwing.com,93,"Jobs & Personal im Gesundheitswesen | MEDWING",MEDWING: ‚úìdie besten Jobs in der Pflege & Medizin ‚úì schnelle & zuverl√§ssige Personalvermittlung f√ºr Gesundheitseinrichtungen
http://www.doctorly.de,91,Home,No meta description
http://www.ultimate.ai/,88,"Customer Support Automation Powered by Generative AI | Ultimate",Scale and streamline your customer service with the leading conversational and generative AI-powered customer support automation platform.
http://www.oqmented.com,90,MEMS-based laser scanning,"Outstanding MEMS-based laser scanning for top-notch 3D environment perception and AR projections. Unmatched in terms of size, performance and reliability."
http://www.tvarit.com/,87,Homepage - TVARIT,We are driven by the vision of sustainable and zero-waste manufacturing. Our sole objective is to support the global metal manufacturing industry with
http://forto.com,82,Digital logistics and freight forwarding - Forto,Freight forwarding and digital logistics services supercharged with visionary technology that elevates your supply chain operations.
http://swobbee.de,85,Swobbee Battery rental / charging infrastructure for micromobility,"Swobbee is the first fleet-agnostic, multi-modal battery swapping station for all types of small electric vehicles."
http://www.babbel.com,95,"Language for Life - Babbel.com | Babbel","Babbel is the new way to learn a foreign language. The comprehensive learning system combines effective education methods with state-of-the-art technology. Interactive online courses will improve your grammar, vocabulary and pronunciation skills in no time. You'll make fast progress and have fun doing it."
http://www.taxfix.de,89,Taxfix ist die Steuer-App f√ºr deine Steuererkl√§rung,Mach deine Steuer schnell und unkompliziert mit Taxfix und hol dir im Schnitt 1.095 ‚Ç¨ wieder. √úber 50.000 gute Bewertungen geben uns recht.
http://www.commercetools.com,94,ERROR: The request could not be satisfied,No meta description
http://www.researchgate.net,0,N/A,N/A
http://www.deepc.ai/,91,deepcOS - The Radiology AI Operating System,"deepc is the AI Operating System for effortless access to Radiology AI directly within existing Healthcare IT systems, with just one simple integration."
http://www.leapsome.com,92,Leapsome: People Enablement Platform,"Leapsome is an all-in-one platform for People Enablement. OKRs, Performance Reviews, Engagement Surveys, Learning, and more. Request a demo today."
http://aleph-alpha.com,78,ALEPH ALPHA - AI for Enterprises and Governments,"Pioneering sovereign, European AI technology to transform human-machine interaction that can find solutions for the challenges of tomorrow."
http://www.helsing.ai,100,"Helsing | Artificial Intelligence to serve our democracies",Artificial intelligence to serve our democracies.
http://spryker.com,75,"Spryker: B2B, B2C & Marketplace E-Commerce Solution","Spryker Cloud Commerce OS is a B2B, B2C and marketplace solution renowned for its ease of use, flexibility, and speed."
http://deepdrive.tech/,89,DeepDrive,We are DeepDrive. We are powered by fusion. Absolute professionalism mixed up with our deeply rooted urge to discover. Deep expertise meets revolutionary innovations.
http://company.onefootball.com,80,OneFootball ‚Äî No one gets you closer,OneFootball covers over 100 international soccer leagues and competitions live and in incomparable detail.
http://www.dataguard.com,96,Data Privacy & Information Security - DataGuard,"Based in Munich, DataGuard acts as a data protection officer (DPO), we are your first point of contact for all data protection issues."
http://www.everphone.com,96,"Everphone | Home","Everphone is the all-in-one mobile device service that works for you. Rent smartphones, tablets, and laptops in a use-not-own model."
http://productsup.com,85,"P2C: Empowering commerce | Productsup","Productsup‚Äôs Product-to-Consumer platform enables companies to bypass commerce complexity, driving sales and increasing operational efficiency. Learn more!"
http://www.4screen.com,86,"4screen | The Driver Interaction Platform","4screen is an in-car communication & marketing platform, enabling global brands and local businesses to reach in-car audiences and create value for drivers."
http://www.superchat.de/,90,"Die Messaging L√∂sung f√ºr Ihr Unternehmen | Superchat",Machen Sie die Kundenkommunikation zu Ihrer Priorit√§t. Schaffen Sie echte und langfristige Kundenbeziehungen mit der Messaging L√∂sung von Superchat.
http://www.hawk.ai,97,Hawk ‚Äì Increase Your Risk Coverage. Improve Efficiency.,"Award-winning AML & CFT technology powered by explainable AI increases your risk coverage, helps you identify more crime, and reduces your false positives."
http://plana.earth,96,Carbon Accounting Software by Plan A,Experience the Plan A Sustainability Platform ‚Äì combining advanced carbon accounting solutions with comprehensive decarbonisation strategies. Book a demo today.
http://www.amboss.com/us,86,AMBOSS: medical knowledge platform for doctors and students,AMBOSS: The digital medical resource that supports physicians in the hospital and students in the classroom. Ideal clinical companion & exam prep tool.
http://sosafe-awareness.com/,91,Security awareness and human risk management,"With our behavioral science-based platform, you continuously empower your employees to protect your organization."
http://www.camunda.com,92,"The Universal Process Orchestrator | Camunda","Camunda's process orchestration platform allows developers to design, automate and improve processes. Start your free trial today."
http://www.tourlane.com,96,"Dream Vacations Made Easy | Curated Trips by Tourlane","Discover the world's most enchanting destinations and exciting hideaways on your perfect vacation. At Tourlane, our Travel Experts make planning your trip of a lifetime easy and worry-free. "
http://hive.app,92,"Hive | Fulfillment Provider | All-in-one Operations","More than a 3PL provider. Hive is your holistic operations partner. Same-day fulfillment, packaging, freight, delivery, and more. Your growth starts here."
http://www.hellogetsafe.com,88,"Getsafe | Insurance made easy | Download Our App!","Getsafe insurance couldn‚Äôt be simpler. You can access all insurance documents and information about your policies via the Getsafe app ‚Äì anytime, any place."
http://upvest.co,84,"One Investment API, to build any investment experience.","With Upvest‚Äôs Investment API, you can build investment experiences your users will love."
http://ariceum-therapeutics.com/,88,Ariceum Therapeutics ‚Äì Novel medicines for systemic targeted radiotherapy (STR) to visualize and treat cancer,No meta description
http://www.zolar.de/,89,Solaranlage kaufen: Komplettset vom T√úV-gepr√ºften PV-Anbieter,Solaranlage kaufen oder finanzieren: ab 8.900 Euro oder 0 Euro Anzahlung. Spare 1.205 Euro Stromkosten!
http://knowunity.de/,88,Knowunity - Schule. Endlich einfach.,"Knowunity ist die Schulplattform, die deinen Schulalltag ungemein vereinfacht. Erfahre jetzt mehr und vereinfache deinen Schulalltag!"
http://hire.heyjobs.co/en-de/,0,,
http://prestatech.com/,84,Prestatech,No meta description
http://www.getpliant.com/,97,"Pliant | Die digitale Kreditkartenl√∂sung f√ºr Unternehmen","Pliant ist eine Business-Kreditkartenl√∂sung, die Ihr Unternehmen voranbringt. Wir zeigen Ihnen, wie alle Unternehmen von Pliant profitieren."
http://www.limehome.com,89,"limehome | designed to stay","Leading the digital revolution in the hotel industry limehome is defining new standards in convenience, comfort and design."
http://twaice.com/,94,TWAICE Battery Analytics Software,"Generate more value from batteries whilst reducing risks. Speed up battery development, reduce risks during operation, and improve revenue and ROI throughout the battery lifetime."
http://www.sunhero.com/,89,"Empresa instaladora de paneles solares | Sunhero","Descubra las mejores placas solares al mejor precio. Se el propietario y ahorra desde el primer d√≠a, sin preocupaciones, beneficiate de las subvenciones."
http://www.talpasolutions.com,92,Talpa Solutions ‚Äì Put your data to work,No meta description
http://www.workmotion.com/,90,"Global HR Solutions at your Fingertips | WorkMotion",WorkMotion offers Global HR Solutions to help companies navigate the New Ways of Working. Solutions fully compliant.
http://edurino.com/,0,EDURINO - Spielerisch Lernen,"EDURINO ist eine Spiel- und Lern-App f√ºr Kinder von 4 bis 8 Jahren, die analoges und digitales Lernen auf spielerische Weise miteinander verbindet. Dein Kind erforscht Grund- und Zukunftskompetenzen durch die Magie von Spielen und spannenden Geschichten. Werbefrei, ohne In-App-K√§ufe und ohne Internet nutzbar."
http://www.vara.ai/,87,Vara,No meta description
http://www.pricefx.com/,80,"Pricing Software Solutions | B2B and B2C Pricing Software | Pricefx",Pricefx is the leading pricing software provider. Our price optimization & management (PO&M) and CPQ tools deliver actionable insights to drive success.
http://usercentrics.com,90,"Consent Management Platform (CMP) | Usercentrics","Usercentrics is a leading consent management platform (CMP) that empowers companies to obtain, manage and document the consent of their users"
http://www.zenloop.com/en,81,"zenloop | Customer Experience Management Platform",The only Customer Experience Management Platform focussed on Action Management to convert customer insights into automation %
http://exploration.space/,90,The Exploration Company,No meta description
http://www.anydesk.com,86,The Fast Remote Desktop Application ‚Äì AnyDesk,"Discover AnyDesk, the secure & intuitive remote desktop software, and take advantage of the application's innovative features!"
http://www.ampere.cloud/,94,Amperecloud - All power plants. In one system.,"With Amperecloud you operate all your power plants in one system, including logging, autopilot and direct marketing. More efficient. Safer. More profitable."
http://kinexon.com,97,Connect and automate operations in production and logistics ¬ª KINEXON,Empowering industry leaders with a real-time automation platform for precise orchestration of industrial assets.
http://www.localyzeapp.com,90,"Global Mobility Services for Talent Immigration | Localyze",Localyze is the HR platform for global mobility that automates immigration and relocation processes for you and your employees. Schedule a demo today!
http://www.cargo.one,92,"cargo.one | Where shipments are won","Generate door-to-door quotes, win new business, and book with the largest portfolio of airlines & agents"
http://vivenu.com,91,"vivenu | The New Era of Event Ticketing","Take control of your entire experience with vivenu‚Äôs flexible event ticketing solution. Sell more tickets, visualize your data, and enhance your brand today."
http://www.y42.com,92,"Turnkey Data Orchestration Platform | Y42","Y42's Turnkey Data Orchestration Platform gives you a unified space to build, monitor and maintain a robust flow of data to power your business"
http://www.wingcopter.com/,93,Wingcopter ‚Äì Delivering the Future.,No meta description
http://formo.bio,89,Formo - The Future Dairy from Berlin & Frankfurt,"We're Formo, the future of dairy. Using precision fermentation, we create animal-free cheeses that are delicious and, like, the real deal."
http://www.kittl.com,85,Kittl - Unleash Your Creative Power,Kittl is the most intuitive and easy-to-use design platform which helps you to create stunning designs that impress everyone. Easily learn new design techniques and improve yourself to become a better creator.
http://www.everdrop.de,92,everdrop - Die nachhaltigen Waschmittel der Zukunft sind da,"Was macht die everdrop Produkte so nachhaltig? Unn√∂tiges Einwegplastik sparen. Weil Einwegplastik nicht n√∂tig ist, verzichten wir in unseren Produkten.."
http://solsten.io/,87,Human Insights Engine: Revolutionizing Audience Understanding - Solsten,"Solsten has created a human insights engine to revolutionize audience understanding, unlocking creative and business potential for companies."
http://fridayfinance.com,0,N/A,N/A
http://temedica.com/de/,86,Temedica,Discover patient-centric solutions with Temedica: Integrating healthcare analytics and real-world insights for enhanced patient treatment.
http://www.foodji.com,87,"Foodji | The food vending machine for companies: fresh & healthy",Are you looking for healthy employee catering? Our Foodji vending machine provides you with fresh meals 24/7.‚úÖ
http://www.flaschenpost.de/,81,flaschenpost.de - Lebensmittel & Getr√§nke in nur 120 Minuten,Lebensmittel & Getr√§nke online bestellen &#x2713; Lieferung in 120 Min. &#x2713; Umfangreiches Sortiment &#x2713; Einfache Pfandr√ºcknahme
http://rows.com,91,Rows ‚Äî The new way to spreadsheet,"More powerful than a spreadsheet and more flexible than a reporting tool, Rows is where modern teams build, use and share beautiful spreadsheets."
http://www.mbiomics.com/,84,mbiomics ‚Äì mbiomics,No meta description
http://deepset.ai,95,"Enterprise LLM Products and Solutions | deepset",We build deepset Cloud enterprise LLM platform and Haystack open-source LLM orchestration framework. We help you apply LLMs to your business.
http://www.xempus.com/en,93,"Software f√ºr die Beratung betrieblicher Vorsorge | bAV, bKV, bAKS","bAV, bKV & bAKS digital beraten und verwalten ‚ñ∫ Xempus ist die Anlaufstelle f√ºr die digitale betriebliche Vorsorge ‚úì Jetzt informieren!"
http://www.wundermobility.com/,91,Wunder Mobility: market-leading software provider for shared mobility operators,"Launch, run, and grow your kick-scooter, moped, e-bike, or car-sharing business. Control your entire fleet in real-time with all operations in one place."
http://www.hello-charles.com/,89,"Get empowered to automate and scale your WhatsApp marketing | charles",charles is a leading European WhatsApp marketing platform. Join brands benefiting from software and support focused on maximizing revenue and retention.  
http://endel.io,100,"Endel - Focus, Relax and Sleep","Personalized soundscapes to help you focus, relax, and sleep. Backed by neuroscience."
http://finway.de/,91,"Home | finway - Das Finanzbetriebssystem f√ºr KMUs","Mit finway gehen Finanzprozesse klar! Holistisches Ausgabenmanagement, smarte Firmenkarten, Liquidit√§tsplanung, vorbereitende Buchhaltung uvm."
http://www.freeletics.com,70,"Intensive workouts & individual training plans | FREELETICS",Get a personal Training Journey based on your fitness level. High intensity training: anytime & anywhere. Start training today!
http://www.medigo.com,93,Home - Medigo,"Medigo provides third party administration (TPA) services including claims handling, second medical opinion, and medical concierge with tech-driven efficiency and world-class customer service."
http://www.getquin.com/,75,"getquin | Portfolio Tracker, Analysis & Community","Track all your stocks, dividends, ETFs and alternative assets in one place and interact with friends. Make smarter investment decisions with getquin."
http://www.capmo.com,97,"Capmo Baumanagement-Software | intuitiv, ganzheitlich, partnerschaftlich",Digital bauen mit Capmo: Mit unserer Baumanagement-Software f√ºr Generalunternehmer haben Sie Ihre Bauprozesse im Griff. Jetzt kostenlose Produkttour starten!
http://makersite.io,87,"Makersite | AI-Powered Product Lifecycle Intelligence","AI, data and apps for procurement, product design and expert teams to make faster sustainable product and supply chain decisions, at scale."
http://sanitygroup.com/,92,"Sanity Group: Unlocking the benefits of cannabinoids | Home",Berlin-based Sanity Group is one of Europe's leading cannabis companies and aims to improve people‚Äôs quality of life through the use of cannabinoids.
http://sdui.de/,88,"Die Sdui Gruppe | Ihr Partner f√ºr innovative Bildungstechnologien",Entdecken Sie die vielf√§ltigen L√∂sungen der Sdui Gruppe f√ºr digitale Bildung. Von Messenger bis KI-Stundenplaner - wir haben die passende Antwort.
http://vectornator.io,85,"Linearity: Ideate. Design. Animate. | Linearity","Design and animation tools that boost your marketing efforts. Create stunning visuals with Move and Curve, and drive real results today!"
http://www.emnify.com,85,"emnify | IoT Solution Provider",Build and scale your IoT solution anywhere with emnify - the world‚Äôs first cloud-native connectivity platform and our global IoT SIMs.
http://www.circ.com,89,Circ,
http://ostrom.de/,89,Ostrom‚Ñ¢ ‚ö°Ô∏è Energy. Just Better.,"Top-Rated Digital Utility in Germany! Rated Excellent 4.8/5 on Trustpilot ‚òÖ‚òÖ‚òÖ‚òÖ‚òÖ Variable and dynamic pricing tariffs. Get one flexible & transparent monthly plan, a completely digital experience, and 100% green energy."
http://passion.io/,97,Passion.io: The #1 App Builder for Creators & Coaches,"The easiest way to launch your own mobile app for iOS, Android, and Web. No coding required. Earn more, engage better‚Äîwhatever your passion."
http://omnius.com/,92,Claims Automation with AI for Insurance - omni:us,The AI solution for insurance claims automation. Seamless integration into existing claims systems. Automate processes and reduce costs.
http://apaleo.com,97,"The Open Property Management Platform | Apaleo",Transform your hospitality business with an open platform. Easily connect 3rd party applications to build a best-in-class tech stack for your hotel
http://cara.care,93,Cara Care App: Your Digital Platform to Better Gut Health - CARA CARE,Want to take back control of your digestion? Want to learn what food makes you feel good? We accompany you on your personal journey to a happy and healthy life.
http://www.sharpist.com,84,"Leadership development that works | Sharpist","Unlock peak performance with Sharpist's digital coaching platform. Effective, time and cost saving, transparent and secure."
http://passbase.com,95,Parallel Markets,"Onboarding and compliance solutions for banks, funds and institutions"
http://n8n.io/,81,n8n.io - a powerful workflow automation tool,"n8n is a free and source-available workflow automation tool - install on prem, download our desktop app or sign up for our cloud service"
http://meditopia.com/,79,"Meditopia: Meditation, Schlaf, Achtsamkeit",Schlie√üe dich 35 Millionen Nutzern von Meditopia an und erhalte 1:1-Unterst√ºtzung f√ºr deine mentale Gesundheit und die deines Teams.
http://mobilityhouse.com/,97,"The Mobility House | zero Emissionen, zero Kosten","Wir sind angetrieben von dem Gedanken, nachhaltige und 100% emissionsfreie E-Mobilit√§t zu erm√∂glichen."
http://www.distribusion.com/,95,"Distribusion | The ground transportation technology company","Distribusion is the ground transportation technology company. Our platform makes ground transportation accessible, benefiting society and the environment. "
http://www.klima.com/,96,Fight Climate Change - Klima,Klima combines the most effective actions an individual can take to fight climate change today.
http://www.simscale.com/,79,"Simulation Software | Engineering in the Cloud | SimScale","SimScale is a full-cloud CAE simulation software that helps you perform CFD, FEA, and thermal simulations for CAD models in the cloud."
http://www.klang-games.com/,96,"Klang Games | Entertainment and Game Development Studio in Berlin","Klang Games is an entertainment & game development studio in Berlin, developing the MMO Simulation and Virtual World, Seed. Klang is always hiring!"
http://www.roboyo.global,0,N/A,N/A
http://www.schuettflix.de/,92,"Sch√ºttflix | Die App f√ºr Sch√ºttg√ºter, Transporte und Entsorgung","So geht digitale Baustelle: Sch√ºttg√ºter und die Entsorgung von Abf√§llen einfach, g√ºnstig und transparent per App bestellen ‚Äì deutschlandweit."
http://www.quantilope.com/,88,quantilope I The Consumer Intelligence Platform for Consumer Research,"quantilope is The Consumer Intelligence Platform, automating advanced research methodologies to deliver impactful results in just 1 - 5 business days."
http://www.gitpod.io,96,Gitpod: Always ready-to-code.,Gitpod is a cloud development environment for teams to efficiently and securely develop software. Improve your team's developer experience by coding in a CDE.
http://robco.de/,88,"RobCo | Roboter-Automatisierung f√ºr den industriellen Mittelstand",Das Modulare Roboter-Kit von RobCo: ‚Äã‚úì ‚Äãeinfache und softwaregest√ºtzte Roboter-Automatisierungsl√∂sung ‚Äã‚úì‚Äãetabliertes Roboter-Unternehmen
http://www.signavio.com,79,"SAP Signavio | Business Process Transformation Suite","Unleash the power of process with the Process Transformation Suite, bringing together process mining, management, and automation in one platform."
http://talon.one,94,"The World's Most Powerful Promotion Software | Talon.One",The all-in-one promotion software for enterprises. Manage all your marketing promotions in one scalable system without stressing developer resources.
http://li.fi,84,LI.FI - Bridge & DEX Aggregation Protocol,Advanced Bridge & DEX Aggregation - Drive multichain strategies with cross-chain data messaging and get users from everywhere.
http://live-eo.com/,97,"LiveEO | Enterprise-Ready Insights from Satellite Data at Scale",LiveEO's AI-powered software products revolutionize asset monitoring across industries. Trusted worldwide.
http://www.alasco.de,91,Manage to Net-Zero Platform for Real Estate Portfolios I Alasco,"The first integrated solution for ESG and financial control: Analysis, planning, execution, and transparent reporting for the decarbonisation of your real estate assets."
http://www.humanoo.com/,83,360¬∞ Health & Wellbeing Plattform - Humanoo,HUMANOO ist die innovative All-in-One Gesundheitsplattform f√ºr Unternehmen weltweit. Mitarbeiterbindung durch betriebliches Gesundheitsmanagement!
http://neura-robotics.com/,90,NEURA Robotics - we serve humanity.,NEURA Robotics is revolutionizing the world of robotics by using cognitive capabilities to bring robots and humans closer together.
http://www.code-intelligence.com/,85,"Application Security Testing Powered by AI | Code Intelligence",Combine self-learning AI with dynamic testing to uncover deeply hidden bugs and vulnerabilities with every code change. 
http://www.vytal.org,89,Vytal - The sustainable reusable packaging system,Picking up or having food and drinks delivered without packaging waste is no longer a problem thanks to Vytal. Simply download the app and find Vytal Partners .
http://www.morressier.com,81,Morressier,"Restore trust in science with fraud detection, identify verification, and automated workflows -  for all points in the research lifecycle."
http://www.asanarebel.com/,88,Asana Rebel - Get in Shape,"Asana Rebel is the healthy lifestyle app for anyone who wants to get in shape, have more energy, sleep better, and increase their productivity."
http://www.kenbi.de,90,"Ambulante Pflege - Bessere Pflege f√ºr Zuhause | kenbi",kenbi - der ambulante Pflegedienst bietet mehr Zeit f√ºr Pflege! √úber 30 Standorte ‚úì 4 Bundesl√§nder ‚úì telefonische Beratung ‚úì Jetzt informieren!
http://simpleclub.com/,84,"simpleclub |¬†Die Lernapp f√ºr Schule und Ausbildung",Bessere Noten. Weniger Stress. In wenigen Klicks bist du dabei.
http://compredict.ai/,90,Compredict - The Virtual Sensor Company,"Compredict's core Virtual Sensors Technology equips OEMs, fleet operartors and suppliers with a groundbreaking platform for Vehicle engineering and development. It sets a new standard for efficiency, savings and customer-centric innovation in the automotive industry."
http://thinksurance.us,95,Thinksurance: The Leading Plattform f√ºr commercial and industrial insurance,Thinksurance provides the insurance market with a digital platform that connects commercial and industrial insurance market participants.
http://www.kadmos.io/,93,Kadmos - Revolutionizing Worldwide Salary Payments,Kadmos has revolutionized how employees are being paid across the globe ‚úì Learn more about our payroll solutions for employers and international employees!
http://www.amsilk.com,92,AMSilk - Making smart biotech materials for everday life,Making smart biotech materials for everday life
http://www.vmray.com,87,VMRay - Advanced Malware Sandbox & Phishing Analysis,"Analyze advanced malware, threats, and phishing attacks with VMRay's powerful malware sandbox solutions. Our advanced analysis engine sandboxes malware safely, detailing all behaviors and artifacts. Defend your organization with VMRay's comprehensive malware sandbox solutions!"
http://www.buynomics.com/,86,"Buynomics | End-to-end revenue optimization.","Buynomics is the leading solution to optimize your product portfolio. Our clients use Buynomics to optimize pricing, promotions, & portfolio architecture."
http://quantica3d.com/,91,"Quantica: Transformative High-Performance, Multi-Material Additive Manufacturing","Discover how Quantica leads the way in high-performance, multi-material additive manufacturing. Our innovative solutions are reshaping industries, offering unparalleled materials and creativity. Join us in revolutionizing the future of manufacturing"
http://www.instafreight.de,83,InstaFreight - Ihr Partner f√ºr LKW-Spedition und Transport,Als einer der f√ºhrenden digitalen Logistikanbieter in Europa schaffen wir Effizienz und Transparenz f√ºr Ihre Supply Chain. Jetzt kostenlos registrieren!
http://www.patronus-group.com/,86,Patronus Group,No meta description
http://www.tink.de,82,"tink | Dein Smart Home Experte",Finde auf tink alles f√ºr Dein Smart Home: ‚úì Sicherheit ‚úì Licht ‚úì Heizung ‚úì Entertainment ‚úì Garten ‚úì WLAN Verst√§rker. Jetzt bestellen. 
http://www.build38.com,90,Homepage - Build38,"Discover the future of mobile app security with Build38: cloud-augmented protection, active hardening, and advanced threat intelligence."
http://www.zeitgold.com/,0,N/A,N/A
http://www.cybersource.com/en-us/solutions/payment-acc...,0,,No meta description
http://www.bezahl.de,89,bezahl.de ‚Äî Digitales Zahlungsmanagement f√ºr den Automobilhandel,"Die Software von bezahl.de automatisiert, digitalisiert und vereinfacht den gesamten Forderungsprozess von der Rechnungsstellung bis zur Verbuchung."
http://www.wellsterhealth.com,88,Wellster Healthtech Group,No meta description
http://hypatos.ai/,91,"Hypatos | Document processing with market-leading AI & human-centric platform",No meta description
http://wunderflats.com,83,"Furnished Apartments, Homes, Temporary housing - Rent on Wunderflats","Find furnished apartments for temporary or longer stays with 1 click on Wunderflats. Verified and complete online booking for relocation, business, or students."
http://www.cosuno.de/,95,Cosuno - Intelligent management solution for construction projects,"Manage your whole project cycle with the Cosuno platform. Send bids, receive offers, and benefit from negotiating for the best prices."
http://metr.systems,87,"metr | F√ºr mehr Energieeffizienz von Immobilien",Unsere IoT-L√∂sungen steigern die Energieeffizienz Ihrer Immobilien und optimieren Ihre Geb√§udemanagement-Prozesse.
http://www.celus.io/,93,Welcome to the home of the CELUS Design Platform,Capture your PCB architecture and automatically generate schematics and BOM in record time with AI.
http://www.lengoo.com,89,"Lengoo | Generative AI Fueled by Custom LLMs","Lengoo provides enterprise-grade custom generative AI. Enabling efficient and accurate translation, knowledge discovery & content generation powered by custom language models."
http://www.micropsi-industries.com/,86,"AI-powered computer vision for robots | Micropsi Industries","Automate more with Micropsi Industries. Enable your robot to handle variance in position, shape, color, lighting, and background with our AI software MIRAI."
http://elopage.com/,92,elopage ‚Äì The All-in-One Platform for Your Digital Business,"With elopage, you have your sales platform and payment processing in one. Scale without additional tools and teams."
http://www.speexx.com,80,"Online Sprachtraining & Business Coaching f√ºr den hybriden Arbeitsplatz | Speexx","F√∂rdern Sie das Beste in Ihren Leuten - Online Sprachtraining, Business Coaching und Bedarfsanalyse f√ºr Unternehmen - in einer Plattform mit Speexx"
http://www.caronsale.de/,93,"Gebrauchtwagenb√∂rse f√ºr Autoh√§ndler in Europa | CarOnSale",Sind Sie ein Gebrauchtwagenh√§ndler? Die Gebrauchtwagenb√∂rse CarOnSale bietet H√§ndlern t√§glich Tausende von Online-Auktionen von Vertragsh√§ndlern und Flottenverk√§ufern.
http://vimcar.co.uk,95,"Vimcar | The UK's #1 Fleet Management Software",No meta description
http://www.ecoligo.com,82,"ecoligo | Nachhaltig investieren",Mit den nachhaltigen Investitionen von ecoligo profitieren Sie doppelt: Klimaschutz leisten & attraktive Rendite erhalten.
http://www.expertlead.com,76,"Find, assess and hire the best tech experts | expertlead","We find, assess and hire the vetted tech freelances - developers, data scientists, project / product managers and designers ‚úì Free inquiry - expertlead.com."
http://accure.net,94,ACCURE Battery Intelligence: battery analytics software for what's next,"ACCURE's analytics software transform battery data into business intelligence, increasing profitability by advancing safety, reliability, and sustainability."
http://marvelfusion.com,84,Marvel Fusion -The ultimate clean energy solution,"Our mission is to enable humankind to access clean, safe & reliable energy by building a laser-driven fusion power plant."
http://casavi.de/,96,"casavi.com | Einfach erfolgreich verwalten",casavi¬†digitalisiert¬†die Prozesse in der Immobilienverwaltung und¬†vernetzt¬†alle Beteiligten rund um die Immobilie in einer¬†Plattform.
http://www.userlane.com/,89,Unlock the full potential of your software investments.,Userlane is a market leading digital adoption platform that instantly improves the usage and adoption of your software. Find out more!
http://www.intelligent-fluids.de,88,Bereitstellung von umweltfreundlichen industriellen Reinigungsprodukten,"Wo kann man industrielle Reinigungsmittel kaufen, die effizient und gleichzeitig umweltfreundlich sind? Werfen Sie einen Blick auf unsere patentierten Produkte mit intelligenten Fl√ºssigkeiten."
http://www.quantron.net/,79,"E-Mobility-Spezialist Quantron AG: E-Transporter, E-Lkw und E-Busse","Quantron AG: Systemanbieter von sauberer batterie- und wasserstoffbetriebener E-Mobilit√§t f√ºr Nutzfahrzeuge wie Transporter, Lkw und Busse"
http://www.getcure.app,89,CURE: Eine App f√ºr alle Gesundheitsthemen.,Mach dir deine Gesundheitsversorgung so einfach wie m√∂glich: CURE liefert Medikamente in Minuten vor deine Haust√ºr und bietet dir in Zukunft √§rztliche Beratung per App.
http://workerbase.com,87,Connected Worker Platform for Manufacturing - Workerbase,Get the right information to the right people at the right time. Connected worker apps to empower frontline workers in manufacturing.
http://www.expresssteuer.com/,0,402: PAYMENT_REQUIRED,No meta description
http://nextmatter.com/,92,"Next Matter | Workflow Automation for Mission-Critical Jobs","Next Matter is the workflow automation platform for mission-critical jobs. We make workflows reliable, scalable and audit-ready for critical areas like Compliance, Customer Support, and Operations."
http://www.synera.io,89,"Synera | Process Automation for Engineers","Synera leverages low-code to automate engineering processes, fostering agile hardware development while seamlessly connecting CAx tools."
http://www.latana.com/,86,"Latana | Get clarity on your brand performance","Make effective marketing decisions with insights on how your brand is performing in your target market. Increase marketing ROI, identify opportunities in new markets and stand out from your competitors."
http://hellobetter.de/en/,95,Effective psychological online courses - HelloBetter,Scientifically validated psychological online courses ‚Äì guided by psychologists and psychotherapists ‚úì assessed in over 30 clinical trials.
http://www.enmacc.com,82,enmacc,No meta description
http://www.everstox.com,95,"Your B2B and eCommerce logistics solution | everstox",Excite customers with Europe's leading B2B and eCommerce logistics solution. Enjoy eCommerce growth with efficient logistics operaitons. This is everstox.
http://bliq.ai/,91,Bliq For Passengers - Your Ultimate Passenger Experience,"Discover the ultimate ride-hailing experience with Bliq! Find the fastest routes, compare fares, and enjoy transparent, reliable pricing. Your journey, your way."
http://myos.com,0,N/A,N/A
http://www.sendit.green/,0,N/A,N/A
http://bringoo.de/,85,Bringoo Lieferservice,Marktplatz f√ºr lokale H√§ndler ‚Äì Lebensmittel Lieferservice
http://www.wirelane.com,95,"Wirelane | Charge. Pay. Done.","Wir bewegen die Zukunft der Mobilit√§t, mit dem wirklich einfachsten Elektroladesystem."
http://www.aignostics.com,91,Aignostics - Turning complex biomedical data into transformative insights,"Aignostics is a spin-off from Charit√© ‚Äì Universit√§tsmedizin Berlin, and a global leader in the development of AI-powered precision diagnostics for pathology through the use of a proprietary ‚ÄúExplainable AI‚Äù platform in pre-clinical and translational research and clinical trials."
http://joblift.com,96,Joblift: all jobs on one platform,"Find your dream job with Joblift! With millions of jobs sourced from thousands of job boards, employers and staffing firms, Joblift gives you the best and most relevant selection of job offers. Search now!"
http://www.workwise.io/,92,Workwise ‚Äì Jobs & Stellenangebote ohne Anschreiben,Bewirb dich ohne Anschreiben auf deinen n√§chsten Job ‚Äì mit garantierter R√ºckmeldung. Mit Workwise findest du passende Jobs in der N√§he. Jetzt Jobsuche starten.
http://www.heimkapital.de/,77,"Heimkapital GmbH | Immobilien Teilverkauf","Heimkapital GmbH | ‚úî Teilverkauf statt Kredit ‚úî Entspannt wohnen bleiben  ‚ûî Jetzt unverbindliches Angebot einholen."
http://www.stenon.io,87,FarmLab - Stenon,Stenon offers the world's first real-time soil analysis solution for agriculture. With our IoT solution you measure + analyse soil data and and save money.
http://voltstorage.com/,84,Home,No meta description
http://www.electrochaea.com,77,"Electrochaea GmbH - Power-to-Gas Energy Storage |",Electrochaea is commercializing a grid-scale energy storage solution. Our proprietary power-to-gas (P2G) process converts renewable energy and carbon dioxide into grid-quality renewable methane for storage and distribution.
http://door2door.io/en/,95,Home - door2door,No meta description
http://www.crosslend.com/,87,CrossLend - digital debt technology,"CrossLend offers innovative Portfolio Management and Securitisation technology for the digital lending space. Make faster, data-driven decisions!"
http://nuri.com/,92,"Bitwala | Freedom of Transaction",Discover the app to secure your financial independence.
http://www.workpath.com,90,"Workpath | Your strategy execution tool | OKR, KPI & more","Workpath ‚Äì the leading enterprise software provider for effective and flexible strategy execution. OKR, KPI & more. Get faster from strategic goals to outcomes."
http://workist.com,82,"Automated document processing with AI | Workist","Workist automatically captures, validates and transfers all relevant data from incoming orders, order confirmations, invoices and more."
http://www.dryad.net,89,"Ultra Early Wildfire Detection | Dryad Networks",Detect wildfires in minutes with Dryad's ultra-early forest fire detection and monitoring sensor network for public and private forests. 
http://www.unstoppable.fi/,88,Unstoppable Finance - Bringing DeFi to the World,A new and radically better financial system is emerging on-chain. The future of finance is decentralized. We‚Äôre bringing together the brightest minds to build products and services to bring DeFi into the hands of everyday investors.
http://www.tandem.net,92,"Tandem Language Exchange App | Find Conversation Exchange Partners",Find A Language Exchange Partner Online! ‚úì Connect With Other Language Learners ‚úì Learn From Native Speakers For Free ‚úì Join The Best Conversation Exchange Community ‚úì Become Fluent With Tandem!
http://garden.io/,93,Garden - The DevOps automation tool for K8s,"Accelerate the DevOps workflow. Build, deploy, and test in production-like environments with one platform."
http://felmo.de,72,"Mobile Tierarztpraxis stressfrei nach Hause | felmo",Mobile Tierarztpraxis: Stressfreie Hausbesuche f√ºr Hunde & Katzen ¬∑ Preise und Behandlungen wie in der Tierarztpraxis ¬∑ Jetzt Termin buchen ‚ûú felmo
http://www.home.ht,82,"Buena | Hausverwaltung, wie sie sein sollte","Buena √ºbernimmt die Betreuung Ihrer Einheiten, Mieter und all der Aufgaben, die ein Eigent√ºmer zu erledigen hat. Mehr Zeit f√ºr Sie."
http://www.enpal.de,89,"Solaranlage kaufen: Das Angebot vom Marktf√ºhrer | Enpal","Solaranlage mit Speicher & Wallbox | T√úV-gepr√ºfte Zufriedenheit | Ab 128‚Ç¨ mtl. | 0% MwSt | Komplettpaket inkl. Montage | W√§rmepumpe mit bis zu 70% F√∂rderung"
http://tubulis.com/,89,Startseite - Tubulis,No meta description
http://www.customcells.de,91,CustomCells ‚Äî Energy at its best,"With our combined strengths, we are uniquely positioned to deliver customer-centric premium battery technology at scale."
http://www.comtravo.com/en/,0,"Sorry! | Navan",The page you're looking for cannot be found or has moved. Visit our homepage or try searching.
http://www.pairfinance.com/en/,96,"Debt collection - Digital, efficient & customer-oriented | PAIR Finance","PAIR Finance is revolutionising receivables management ‚ùØ‚ùØ Digital, efficient & customer-oriented debt collection ‚úì Sign up now ‚ûú PAIR Finance."
http://ubitricity.com/en/,96,"ubitricity | turning lampposts into EV charge points","ubitricity provide fully funded lamppost, fast and rapid EV charging solutions for local authorities. Expand your EV infrastructure today!"
http://enviria.energy/en,84,Making solar radically easy,ENVIRIA offers solar solutions for companies: Financing and planning through to installation and operation of the system.
http://www.compado.com/,79,Home ‚Ä¢ Compado,"Third-Party Cookies are leaving the web, tracking opt-ins are at an all-time low. Legislators and device makers are restricting tracking and fingerprinting"
http://instagrid.co/,92,Pure Energie Sofort - Instagrid,"Wir haben die weltweit modernsten tragbaren Energiesysteme, die genau so arbeiten, wie du sie brauchst."
http://www.ryte.com,0,N/A,N/A
http://www.ververica.com/,94,"Apache Flink Stream Processing & Analytics | Ververica","Ververica is the company founded by the original creators of Apache Flink, enabling companies to run in real-time with Ververica Platform."
http://www.magazino.eu/,91,"Magazino - a Jungheinrich company | Intelligent Robotics and Warehouse Logistics - Munich",Magazino develops and builds autonomous mobile robots for intelligent warehouse logistics.
http://t-knife.com/,96,"T cell receptor engineered T cell therapies | T-knife Therapeutics",T-knife Therapeutics is a biopharmaceutical company dedicated to developing novel therapeutics to fight cancer.
http://www.gymbeam.com,80,GymBeam - supplemets store,"We are a fitness e-commerce platform with sports nutrition, premium services, and fair prices. We offer a wide range of nutritional supplements and advanced foods."
http://www.jodel.com,89,Home EN -,No meta description
http://www.smunch.com,0,Application Error,No meta description
http://www.alaiko.com,81,"Alaiko | Fulfillment Software f√ºr E-Commerce-Brands & 3PL",Alaiko revolutioniert das Fulfillment mit Software ‚ñ∫ Alaiko GmbH: ‚úì digitale Prozesse & Automatisierungen ‚úì volle Transparenz & Steuerung
http://20bn.com,0,503 Service Temporarily Unavailable,No meta description
http://www.bonify.de,80,Access Denied,No meta description
http://shyftplan.com,85,"shyftplan | KI-unterst√ºtzte Schichtplanung","Die cloudbasierte L√∂sung f√ºr vollautomatisierte Schichtplanung. Skalierbar auf tausende Mitarbeiter, auch f√ºr komplexe Schichtmodelle. ‚ñ∫ Hier mehr"
http://www.xayn.com,94,"Next genAI | Xayn","Next genAI for your organization | Leverage the power of Language Models at 
scale with our secure, efficient, and responsible AI ""Made in Germany""."
http://www.honestfoodcompany.de/,79,7UPBET üçÄ LINK IDNSLOT LOGIN RESMI ALTERNATIF TERBARU DI INDONESIA 2024,7UPBET ialah salah satu link IDNSLOT login resmi alternatif terbaru di Indonesia 2024 saat ini. 7UPBET menyediakan link alternatif terbaru agar para member tidak kesulitan masuk ke website kami.
http://e-go-mobile.com/en/,90,Next.e.GO Mobile,Welcome to e.GO. Here you can learn everything about our innovative and sustainable mobility solutions.
http://www.crealytics.com,92,"Retail Media & Performance Marketing Solutions | Crealytics",Leader in retail media and data-activated performance marketing. The world's top retailers choose our SaaS products and services.
http://remberg.de/,80,remberg XRM f√ºr Service & Instandhaltung,"Das remberg XRM hilft Organisationen rund um ihr X in Service, Installation, Wartung & Instandhaltung zu digitalen Champions zu werden."
http://www.inne.io/,73,"inne | Cycle- & Ovulation Tracker | Progesterone Saliva-Test","With inne, you can track your fertility and ovulation through an innovative, daily saliva test. Discover the days with the highest chance of pregnancy, and confirm when ovulation has taken place. The inne minilab tracks your progesterone levels and uncovers your unique trends and patterns. "
http://rencore.com,86,"Simplify Microsoft 365 governance - Teams, SharePoint, Power Platform","Simplify Microsoft 365 governance for Teams, SharePoint, Azure, Power Platform and much more. Try the award-winning software from Rencore today."
http://www.finiata.com/,84,Finiata - we simplify business lending,Grow your sales by providing financing to your B2B customers
http://aforza.com,76,Aforza - Make every route to market profitable,"Aforza helps CPG companies make every route to market profitable across all roles, markets, categories & channels."
http://fincompare.de/,84,"FinCompare | Mittelstandsfinanzierung - digital und kostenlos vergleichen!","Vergleichen und w√§hlen Sie aus 100+ Anbietern Ihre Unternehmensfinanzierung | ‚úì top Konditionen ‚úì professionelle Beratung ‚úì schnelle Bearbeitung"
http://www.grid.gg,93,Get on the GRID - unlock the potential of in-game data for everyone.,"Discover The GRID Data Platform‚Äîthe official data platform of Riot Games, Ubisoft, and KRAFTON. GRID offers solutions for sourcing in-game telemetry data, analytics, integrity, and distribution across competitive game titles for publishers and developers of all sizes."
http://fruitcore-robotics.com/,89,Industrieroboter Hersteller: Innovation mit fruitcore robotics,"Wirtschaftlich, flexibel und effizient mit intelligenten Industrierobotern und fortschrittlicher Roboter Automatisierung von fruitcore robotics."
http://alcemy.tech/,89,alcemy: Software f√ºr nachhaltige Zemente und Betone,"alcemy erm√∂glicht eine v√∂llig neue Art der Zement- und Betonherstellung. Kosteng√ºnstiger, CO2-√§rmer und in gleichbleibend hoher Qualit√§t."
http://www.kewazo.com,100,KEWAZO offers robotic material hoists for scaffolding assembly.,"The Startup KEWAZO offers LIFTBOT, a robotic material hoist which transports scaffolding parts on construction and industrial sites."
http://checklyhq.com/,96,"Code, Test & Deploy Synthetic Monitoring with Checkly","Secure the uptime and performance of your apps, APIs, and services. Get clear signals instantly when things go sideways."
http://www.kranushealth.com/de/,0,"Die Zukunft der Urologie | Kranus Health ‚Äî Kranus Health","Wir gestalten die Zukunft der urologischen Versorgung: Erektile 
Dysfunktion, H√§ufiger Harndrang, Inkontinenz bei Frauen."
http://fashion.cloud,89,Transform your Wholesale Business with Fashion Cloud,"Smart, efficient and connected. - Meet Europes leading all-in-one platform for Content, Order and B2B. >>> Learn more"
http://www.aedifion.com/,99,"Startseite | Buildings Simply Made Better | aedifion","Mit der aedifion Cloud-Plattform optimieren und dekarbonisieren wir den Geb√§udebetrieb. So machen wir Bestand und Neubau nachhaltiger, effizienter und transparenter. Ganz einfach digital."
http://www.evernest.com,95,Kaufen oder verkaufen Sie Ihre Immobilie mit Evernest - Evernest,"Ihr Immobilienmakler zum Kauf und Verkauf Ihrer Immobilie in Hamburg, Berlin, D√ºsseldorf, Frankfurt, K√∂ln. Kontaktieren Sie uns f√ºr eine unverbindliche Beratung"
http://www.qunomedical.com,95,Qunomedical - Pioneering Patient Care & Healthcare Solutions,Your gateway to top-tier healthcare. Choose Qunomedical for patient care or Qunosuite for advanced healthcare tools. Elevate patient journeys.
http://www.teleclinic.com,84,"TeleClinic ÔºãIhr Online-Arzt: Arztgespr√§ch, Rezept & Krankschreibung in Minuten.",Online-Arzt TeleClinic: ‚úî Arztgespr√§ch & Behandlung durch deutsche √Ñrzte ‚úî Rezepte & Medikamente ‚úî Krankschreibungen ‚úî 24/7 erreichbar.
http://www.mitmika.de/,88,"Digitale Unterst√ºtzung bei Diagnose Krebs | Mika-App",Diagnose Krebs? Die Mika-App unterst√ºtzt Dich als digitale Krebs-Therapie-Begleitung mit Informationen und hilfreichen Funktionen. Jetzt herunterladen.
http://www.tesvolt.com/,75,"Energy Storage Systems For Renewable Energies | TESVOLT AG","TESVOLT produces battery storage systems based on lithium batteries that can be connected to all renewable energies: sun, wind, water, biogas and thermal power."
http://www.holo-light.com/,0,ERROR: The request could not be satisfied,No meta description
http://www.bitadata.com,100,"BITA | The Index Technology Company",Power the next generation of passive and systematic investing.
http://www.the-nu-company.com/,88,"nucao | Schokolade ohne Reue - Krass lecker. Krass gut.","Wir machen Schokolade, wie sie sein sollte. 100% vegan & bio, super cremig und fair gehandeltem Kakao und nachhaltig verpackt."
http://demecan.de/,95,DEMECAN - Medizinisches Cannabis Made in Germany,"DEMECAN ist das einzige deutsche Unternehmen, das medizinisches Cannabis vollst√§ndig von Anbau bis Lieferung an Apotheken in Deutschland selbstst√§ndig durchf√ºhrt."
http://coachhub.com,87,CoachHub - The Digital Coaching Platform,"CoachHub is the leading digital coaching platform for remote & online coaching with over 4,000 international, certified coaches."
http://www.snapshot.travel,96,"SnapShot | Hospitality's Data Platform | Hospitality's Solutions","SnapShot is the first and largest hospitality independent data processing platform, helping both enterprise and individual hospitality organizations collect, harmonize and analyze your data to better manage your business."
http://www.teraki.com/,97,"Teraki | Homepage","TERAKI addresses critical challenges in the development of safer and more efficient mobility, via a suite of pre-built software development kits ready for easy integration powered by Edge-AI and ML."
http://35up.com,92,"35up | Increase your basket size 11% with Automated Cross Selling","Sell your customers additional complementary products and services. Promote your offerings or explore our platform, featuring millions of compatible items and insurances."
http://www.getpayever.com,59,payever GmbH,No meta description
http://www.vialytics.de/,88,"vialytics | Das intelligente Stra√üenmanagementsystem","vialytics ist das intelligente Stra√üenmanagementsystem f√ºr verkehrssichere Kommunen. Egal, ob Stra√üen oder Radwege, ob per Auto, Fahrrad oder zu Fu√ü. "
http://explosion.ai,89,"Explosion ¬∑ Developer tools and consulting for AI, Machine Learning and NLP","Explosion is a software company specializing in developer tools and tailored solutions for Artificial Intelligence and Natural Language Processing. We‚Äôre the makers of spaCy, one of the leading open-source libraries for advanced NLP."
http://www.spectrm.io,85,Spectrm Conversational Marketing Automation Platform,Spectrm helps consumer marketers grow revenue on messaging channels using zero party data and conversational marketing automation.
http://eclear.com/,90,eClear: Your Partner for Effortless VAT & Customs Compliance in Europe,"Simplify VAT & customs clearance for cross-border trade with eClear. Our expert solutions ensure compliance, save time, and streamline your processes. Get started today for hassle-free international commerce."
http://www.ecog.io,92,EcoG - Home,EcoG is working on the rapid expansion of sustainable charging infrastructure for EVs. We enable companies to enter the market quickly & scale profitably.
http://efficient-energy.de/en/,0,Error 404 (Not Found)!!1,No meta description
http://lumiformapp.com/,87,"Workflow automation, productivity, & safety app | Lumiform","Lumiform is an easy-to-use & powerful inspection & audit software. The Lumiform mobile app is available on all devices, iOS & Android - Start FOR FREE now.The world's leading workflow automation solution streamlines every business function"
http://www.justspices.de,83,"Just Spices - Gew√ºrzmischungen online kaufen | JUST SPICES¬Æ",Gew√ºrze & Gew√ºrzmischungen ‚úì F√ºr jedes Gericht die passende JUST SPICES¬Æ Gew√ºrzmischung finden ‚úì Spice up your life!
http://www.loyaltyprime.com,0,"DNS resolution error | www.loyaltyprime.com | Cloudflare",No meta description
http://www.metals-hub.com,96,Metalshub - Industry Leading Software to Manage Procurement and Sales of Raw Materials,Manage your entire purchasing and supply chain process through Metalshub
http://lofelt.com,0,N/A,N/A
http://www.comatch.com,0,N/A,N/A
http://www.lanes-planes.com,90,"Digitalisieren Sie jetzt Ihr Travel & Belegmanagement | Lanes & Planes",Die Lanes & Planes Software hilft Unternehmen alle Prozesse rund um Dienstreisen und jeglicher Art von Spesen & Auslagen end-to-end zu l√∂sen.
http://www.portagon.com/,92,Die Distributionsplattform f√ºr den privaten Kapitalmarkt ‚Äì portagon,"Entdecken Sie portagon, die f√ºhrende Distributionsplattform f√ºr den privaten Kapitalmarkt. Jetzt Beratungstermin und kostenlose Demo vereinbaren!"
http://www.prosoma.com,90,Prosoma,No meta description
http://ferroelectric-memory.com,92,Ferroelectric Memory Company,No meta description
http://nebenan.de/,90,403 Forbidden,No meta description
http://www.3yourmind.com,95,"3YOURMIND | Identify and Produce Parts On-Demand",Increase supply chain flexibility and reduce inventories by finding and producing parts when they're needed with software for on-demand manufacturing.
http://www.aimpower.ai/,87,"aimpower | The Future of Brand Management","One platform to test all creative assets. Build scalable testing 
capabilities. Holistic prediction of the effectiveness of your ads. 
aimpower: Digital consumer research platform based on neuroscience research 
and power by AI technology. Book a Demo."
http://www.sunfire.de,84,Electrolysis delivered at scale - Sunfire,Sunfire is a leading European manufacturer of electrolyzers for industry. We are united in our vision to free the world from fossil fuels.
http://8fit.com,97,"8fit | Custom Home Workouts App, Healthy Meal and Nutrition Plans",Your fitness and nutrition app
http://operations1.com,93,"Operations1 | Connected Worker Platform for Industry Leaders",Operations1 is the ideal connected worker platform to digitize employee-led production processes and connect the organization. Contact us and learn more.
http://www.scalehub.com,94,"ScaleHub | get the right data out of your documents ‚Äî instantly","100% automated document processing. The first to combine AI and the largest global network of 24/7 crowd contributors, ScaleHub delivers the un-gettable get: any volume of documents processed in under an hour at an accuracy rate >99% ‚Äî guaranteed."
http://www.cynora.com/,100,cynora,No meta description
http://hero-software.de/,84,HERO - Handwerkersoftware f√ºr Profis,"Handwerker Software vom Testsieger: Rechnungsprogramm, Auftragsverwaltung, Angebotserstellung und mehr. Jetzt den Marktf√ºhrer kostenlos testen!"
http://www.baze.com/,74,"Baze | Personalized Supplements That Work. We'll Prove It.",The only FDA approved at-home blood nutrient test. Find your deficiencies and get personalized vitamins and supplements delivered to your door each month.
http://www.vlyfoods.com,94,"vly | Die cremig-leckere Milchalternative aus Erbsenprotein | vegan","Nat√ºrliche Zutaten und neueste Technologie: vly ist die cremig leckere Milchalternative aus Erbsenprotein. 100% pflanzlich mit vielen Proteinen, aufsch√§umbar, perfekt f√ºr den Kaffee und extra nachhaltig durch die Herstellung in Deutschland."
http://www.carmudi.com.ph/,83,"Buy and Sell Cars: New - Used - Second Hand - Carmudi ph | Carmudi Philippines",100% Satisfied - Best Car Prices - Best Motorcycle Deals - Lowest Price Guarantee from Trusted Sellers on the Biggest Car Classified Site - Carmudi Philippines
http://www.sunvigo.de/,81,Solarenergie rund um die Uhr mit Sunfarming,"Mehr als eine Solaranlage. Gemeinsam mehr Unabh√§ngigkeit dank unseres virtuellen Kraftwerks. Einfach, effizient, und ertragreich."
http://cannamedical.com,88,"Cannamedical¬Æ Pharma GmbH | The medical cannabis expert",Cannamedical¬Æ Pharma GmbH is specialized in the import and distribution of medicinal cannabis according to ¬ß52a AMG and ¬ß3 BtMG. As the only independent German cannabis wholesaler we cooperate with several selected international producers. Our independence guarantees a qualitatively and quantitatively unique range of medical cannabis on the European market.
http://www.azowo.com/,96,"Connected mobility software | AZOWO","2in1 vehicle data & software solution by Azowo. We enable our customers to build and manage all critical shared, connected, electric and autonomous processes."
http://www.cobrainer.com,89,Cobrainer: The SkillsAI for skills-driven organizations,The #1 SkillsAI platform to build your skills-driven organization. Build skills.  Accelerate careers. Drive talent mobility. Steer workforce transformation.
http://we-the-brands.com,81,We The Brands: Sell your Amazon FBA Business the easy way,We buy and grow successful eCommerce brands around the world. Request a valuation for your online business today.
http://www.catalym.com,87,Catalym ‚Äì Catalyzing Immunotherapy,No meta description
http://medloop.co,91,Solutions for Healthcare Providers - Medloop,"We're here to help GPs provide the best care for their patients Medloop offers a range of software for primary care providers; from ICSs through to individual GP practices. Our goal is to help you bring joined up, accessible care to the whole patient population. We provide a range of tools to help PCNs share"
http://www.nexwafe.com/,92,"Photovoltaic High Efficiency Green Solar Wafer | Nexwafe","High efficiency, low cost photovoltaic wafers. NexWafe‚Äôs breakthrough manufacturing process delivers unmatched competitive advantage to our partners."
http://cellbox-solutions.com/,89,"Cellbox Solutions Cell Shipping | Ship your cells as they deserve it",CO2 Incubator - Portable carbon dioxide incubator by Cellbox Solutions - Transport incubator for cell culture ‚òéÔ∏è +49 (0) 40 88 36 78 53
http://kiwi.ki,74,KIWI - das digitale Schlie√üsystem f√ºr die Wohnungswirtschaft,"Das digitale Schlie√üsystem von KIWI arbeitet mit Transpondern ‚úÖ, Smartphone-Apps ‚úÖ und einem simplen Online-Tool f√ºr die Verwaltung ‚úÖ!"
http://www.remerge.io,97,Remerge,"The leading demand-side platform (DSP) for high-performing, privacy-compliant app marketing campaigns. We focus on scientific methodologies and transparent communication to deliver credible results and increase app growth."
http://scantinel.com/,80,"FMCW LIDAR | Sensors automotive autonomous driving",Our FMCW LiDAR on a chip solution is the game changer for every autonomous journey. It can be integrated anywhere and will soon be affordable enough to equip all vehicles.
http://warehousing1.com,81,"Warehousing1 | Fulfillment, made simple.","Auf der Suche nach Logistikl√∂sungen? ‚ûî Mit Warehousing1 Fulfillment und Lagerlogistik digital √ºber eine zentrale Plattform verwalten, flexibel erweitern und optimieren ‚úÖ"
http://www.xolo3d.com/index.html,66,xolo¬Æ,No meta description
http://instaffo.com/,94,"Instaffo | Deine Jobplattform f√ºr Tech, Marketing & Sales.",Instaffo ist der einfachste Weg deinen neuen Job zu finden. ‚úì1.800+ attraktive Unternehmen mit Remote-Optionen. ‚úìIn unter 3 Minuten per Chat bewerben.
http://iomx.com,71,iOmx Therapeutics,"We discover and develop next-generation targeted immunotherapy treatments for cancer patients. antibody, cancer, signaling cascades, shut-down, immune-break"
http://www.qualifyze.com/en/,91,Qualifyze - Home,The audit standards you need executed by experts. We're people turning compliance into meaningful value worldwide ‚ñ∫ Get your audit now.
http://instamotion.com,83,"Gepr√ºfte Gebrauchtwagen mit Garantie | instamotion",So kauft man Autos heute: ‚úì Nur Gepr√ºfte Fahrzeuge ‚úì Zulassung & Lieferung ‚úì 1 Jahr Garantie ‚úì 14 Tage R√ºckgaberecht
http://www.careship.de,80,"Seniorenbetreuung | Alltagshelfer aus der Nachbarschaft",Seniorenbetreuung gesucht? Careship unterst√ºtzt Senioren im Alltag und entlastet pflegende Angeh√∂rige. Finden Sie in nur 24 Stunden einen passenden Alltagshelfer aus der Nachbarschaft! Verf√ºgbar in Berlin und Hamburg!
http://paulcamper.com,86,Wohnmobil und Camper mieten :: PaulCamper,"Finde tausende Wohnwagen, Camper und Wohnmobile zur Miete bei Australiens gr√∂√üter Camper-Sharing Community. Du besitzt einen Camper? Verdien Geld, indem du ihn an Urlauber vermietest!"
http://www.heavenhr.com/,73,HeavenHR,HeavenHR all-in-one platform offers industry-specific functionalities designed to help companies regardless of their size to boost operational efficiency and enhance process agility.
http://www.wefox.com,87,wefox - Empowering Insurance,"At wefox, we make insurance fit you. Not the other way around. And wefox experts are on hand to provide any advice you need."
http://www.delicious-data.com,93,Planungssicherheit senkt Lebensmittelverschwendung,Pr√§zise Absatzprognosen mit k√ºnstlicher Intelligenz k√∂nnen schon morgen Umsatzsteigerungen erreichen und Lebensmittelverschwendung reduzieren.
http://www.arculus.de/,95,arculus - a Jungheinrich company,"arculus is a software and robotics company committed to new levels of flexibility, control, and higher efficiency."
http://www.sympatient.com/,90,Home - Sympatient,"Wir gestalten die Psychotherapie der Zukunft. Sympatient verbindetet Therapeut:innen und digitaler Therapie, um die globale Mental Health Krise zu bew√§ltigen."
http://www.incari.com,89,Home - Incari - Development Platform,"Discover Incari Studio, the premier HMI development platform‚Äîexperience cutting-edge, AI-enhanced HMI design tailored for the mobility industry."
http://mintbase.io/,81,"NEAR NFT Launchpad Creator Studio, Market Auction for developers and creators | Mintbase",Mint a blockchain asset backed by you
http://www.enfore.com,91,"Das ma√ügeschneiderte Kassensystem f√ºr dein Gesch√§ft | enfore","Mit Software, Hardware und Payments aus einer Hand. Die einzige Plattforml√∂sung, die dein Gesch√§ft von A bis Z digitalisiert und mit deinem Wachstum skaliert - individuell zugeschnitten f√ºr Einzelhandel, Restaurant oder Service."
http://www.mammaly.de/,86,"mammaly | Premium Dog Supplements | Einfach. Super. Lecker.","Entdecke die leckersten Hunde-Supplements bei mammaly ‚Äì f√ºr Verdauung, Gelenke & mehr. Wissenschaftlich fundiert. Mit Tier√§rzten entwickelt. JETZT KAUFEN!"
http://bookingkit.net/,84,"Booking software for tours & attractions | bookingkit","Europe's leading booking and reservation management software for operators of tours, activities and attractions ‚ñ∂ Find out more!"
http://bigrep.com/,87,"Large-Format 3D Printers: Industrial & Professional | BigRep",Industrial 3D Printers Designed for Professionals. Large Scale High-Performance 3D Printing for Commercial Prototyping and Production.
http://www.goflink.com,0,N/A,N/A
http://www.filestage.io,83,Filestage: Content Review Platform ‚Äì Start Free Trial,"Set up custom workflows with collaborative review steps for each stakeholder group, making feedback fast, focused, and easy to track."
http://infarm.com,90,Infarm,No meta description
http://www.keypartnerscapital.com/,0,Key Partners Capital,"The European Investment Firm for Family Offices and UHNWIs
Providing exclusive access to pre-IPO technology investment opportunities on a deal-by-deal-basis."
http://www.adsquare.com,92,Adsquare - Location Intelligence Platform for Marketers Location Data Played Right Adsquare,Adsquare helps brands connect people and places in a privacy-first world. Our award-winning data & advertising solutions will supercharge your campaigns to amplify success. 
http://www.blocksize.info,82,The new era of finance: BLOCKSIZE - Passion to enable,"BLOCKSIZE empowers financial market participants to transform their business and provide bank-grade solutions for market data, issuance, trading, staking and managing digital assets."
http://microharvest.com,66,Nature's Protein Unleashed: MicroHarvest - MicroHarvest,"We push technological boundaries to deliver the protein ingredients of the future, harnessing the power of microorganisms through biomass fermentation. Our ambition is to champion nutritious, sustainable protein to build the resilient food system of tomorrow ‚Äì driving impact today."
http://www.laserhub.com/,88,Laserhub - Ihr Fertigungspartner f√ºr Metallteile,"Ihr digitaler Zugang zur kompletten Vielfalt der Metallbearbeitung: Lasern, Biegen/ Abkanten, CNC-Drehen, Rohrlasern und mehr."
http://envelio.com,93,envelio ‚Ä¢ Power grid digitalization with smart grid solutions,We are driving forward the energy transition with our smart grid solutions for grid operators. Get information now and plan smart!
http://www.gastrofix.com/en/,87,Restaurant ePOS & Payments platform ‚Äì Lightspeed,"Lightspeed is a premium restaurant epos software, payments and management platform with industry-leading insights."
http://www.moebel24.de,93,"M√∂bel 24 - das Original | 3,5 Millionen M√∂bel vergleichen | bis -78% | √ºber 800 Shops","M√∂bel aus allen Shops. Jetzt vergleichen, die G√ºnstigsten finden und online kaufen ‚úì Mehr als 3,5 Millionen Produkte rund ums Einrichten &  Wohnen ‚úì Transparent & Fair ‚úì M√∂bel 24 einfach finden"
http://www.agrando.com,89,Agrando,No meta description
http://pitch.com,88,"Presentation software for fast-moving teams | Pitch",Pitch is presentation software that enables any team to quickly create sleek decks that get results. Sign up for free.
http://emergencetx.com/,91,"A Medicine Company | Eli Lilly and Company",Lilly is a medicine company turning science into healing to make life better for people around the world.
http://www.get-sides.de/,96,Gastronomie Management Software f√ºr Profis - SIDES,"Restaurant Management Software f√ºr Lieferdienste, Restaurants & Franchise ‚úì Mit TSE-Kasse, Webshop, Fahrer-App, Warenwirtschaft & Analysen ‚û°Ô∏è"
http://www.sennder.com,79,"sennder Technologies GmbH | Digitale Spedition","Wir sind Ihr digitaler Logistikpartner im LKW-G√ºterverkehr f√ºr Komplettladungen. Als f√ºhrende europ√§ische Spedition bieten wir Zugang zu tausenden LKWs. Unsere Technologie bringt Transparenz und Flexibilit√§t in die Branche, spart Kosten, steigert Einnahmen und reduziert CO‚ÇÇe-Emissionen."
http://traderepublic.com,96,Trade Republic,No meta description
http://de.mycs.com,80,"Individuelle M√∂bel online kaufen bei MYCS | MYCS Deutschland","Sofas, Regale, Schr√§nke und Kleiderschr√§nke ‚Äì individuell und modular gestalten mit MYCS. | MYCS Deutschland"
http://www.inmindcloud.com,100,"Zilliant Pricing, CPQ, and Revenue Optimization Software","Zilliant solves B2B pricing and sales challenges with smarter software and better data science, tailored to each customer's unique needs."
http://heartbeat-med.com,79,"Home ‚Ä¢ Heartbeat Medical | Patient-Reported Outcome Measures",Simplify the collection of Patient-Reported Outcomes and generate ongoing Real-World Evidence. Discover actionable insights on how your treatments impact patients' quality of life.
http://cardior.de/,91,Home - Cardior,"Pioneering the discovery and development of RNA-based therapeutics designed to prevent, repair and reverse diseases of the heart."
http://www.free2move.com,89,Rent the car of your choice - Free2move,"Rent the car of your choice for a day, a weekend, or your holiday. Book online, all over the UK, at nearly 200 Free2Move agencies."
http://www.springlane.de,87,Springlane,No meta description
http://www.connect.finleap.com/,0,N/A,N/A
http://horizn-studios.com,88,"Smart Luggage & Premium Travel Accessories | Horizn Studios",Premium travel luggage and smart accessories with meaningful features. Innovative design products created for everything the modern traveler needs.
http://ada.com/,84,Health. Powered by Ada.,"Hi. We're Ada. Our app helps people manage their health, and our enterprise solutions help our partners improve health and care. See how we can help you too."
http://www.motionminers.com,90,"MotionMiners | Das Prozess-Analyse Tool",Erfassen Sie anonymisiert Prozessdaten und optimieren Sie manuelle Arbeitsabl√§ufe mit Motion-Mining¬Æ hinsichtlich Effizienz und Ergonomie.
http://www.hh2e.de,83,hh2e - Startseite,Change the game of energy!
http://en.sentryc.com/,93,Sentryc - Brand Protection Made in Germany,Protect your brand and your products from counterfeiters with Sentryc . We monitor over 180 marketplaces for you and remove potential counterfeits.
http://crop.zone/,90,crop.zone - Hybrid Herbicide Technology,"Register now! Works like chemistry But without chemistry Professional, biological and residue-free plant control. Fast, safe and reliable."
http://www.xcharge.com,93,High Power Charging Solutions for EVs,"Founded in 2015, XCharge Group is a global pioneer in battery-integrated charging solutions. Its solutions have been deployed in over 25 countries and areas. With a strong focus on technology and product innovation, the company aims to make charging infrastructures more sustainable and more investable."
http://www.cofenster.com/,87,cofenster: Create videos with the faces of your company,The video solution to create authentic videos that give your colleagues a voice.
http://frequenz.com/de/,90,Frequenz - Power reimagined,Frequenz empowers developers with innovative tools to orchestrate Decentralized Energy Resources (DERs) efficiently. Join us revolutionizing the way the world manages power.
http://www.dracoon.com,93,DRACOON ‚Äì Hochsichere Zero-Trust-Cloud f√ºr Unternehmen,DRACOON bietet eine Zero-Trust-Cloud f√ºr sicheren Dateiaustausch und Zusammenarbeit in verschiedenen Branchen. H√∂chste Datensicherheit und DSGVO-Konformit√§t garantiert!
http://www.open-xchange.com,88,"Home | Open-Xchange",Open-Xchange is the pioneer of open and trusted software and solutions for service providers worldwide who are challenged with extending value and innovation
http://bayes.gg,92,Bayes Esports,"A comprehensive marketplace to elevate your esports products powered by Bayes Esports. Gain access to reliable, accurate, and innovative esports solutions."
http://www.thehomelike.com/,98,Homelike: Furnished Apartments. Monthly Stays. Flexible living.,"Find your next home on Homelike ‚úìMove-in-ready apartments ‚úìAll-Inclusive price  ‚úìDeposit-free, flexible cancellation, pets allowed and much more."
http://www.awork.io,0,N/A,N/A
http://www.node.energy/,93,node.energy - Software f√ºr eine klimafreundliche Energiewelt ‚ö°,Setzen Sie Ihre Gesch√§ftsmodelle der klimafreundlichen Energiewelt ‚òÄÔ∏è ganz einfach um - mit unserer Software opti.node. B√ºrokratie adieu. ‚úîÔ∏è
http://www.cnc24.com,96,"CNC24 | The easiest way to order CNC parts online","Request & order CNC parts online: Get Quote within 48h , Top price-performance, Highest quality standards. Request quote now."
http://kraftblock.com,90,"Kraftblock | Green heat for industries","Kraftblock is a high-temperature thermal energy storage system for process heat from renewable energy and waste heat used in industries, district heating and power generation."
http://www.wundertax.de/,83,Wundertax: Steuererkl√§rung online in 17min erstellen,In wenigen Schritten zur Steuererkl√§rung - vom Finanzamt anerkannt - Erfasse Deinen Steuerfall kostenlos & hole Dir viele Steuertipps!
http://www.bragi.com/,81,Bragi.com - The platform that enables wireless audio products,"Bragi‚Äôs Software Platform consists of an earphone OS and an Android and iOS App embedding advanced AI and efficient software. Brands, OEMs and ODMs can easily create bluetooth audio products with advanced natural user interfaces and frictionless experiences with Bragi‚Äôs rock-solid platform."
http://www.sponsoo.com,64,"The #1 marketplace for sports sponsorship. | Sponsoo",No meta description
http://www.finanzcheck.de/,87,"Online-Kreditvergleich | FINANZCHECK.de",Das T√úV gepr√ºfte Onlineportal f√ºr Ihren g√ºnstigen Kredit ‚úì Starten Sie jetzt bequem online Ihren Vergleich ‚û§ Kostenlos & unverbindlich anfragen!
http://www.bio-lutions.com/,88,BIO-LUTIONS - Home - Dry Molded Packaging Solutions,BIO-LUTIONS offers sustainable packaging solutions made in Germany. Renaturing the world of materials.
http://www.greenpocket.com/,93,GreenPocket ‚Äì Your data expert for energy management,We are a leading specialist for energy management and visualization software: ‚úì Innovative solutions ‚úì Intensive customer involvement ‚úì High usability
http://www.re-flekt.com,0,N/A,N/A
http://www.claimsforce.com,96,claimsforce,No meta description
http://www.ooblee.com,77,ooblee / Local Shopping Community,ooblee enables local customers to enjoy shopping with friends and share benefits on each purchase.
http://www.cleverciti.com/,86,"Home ‚Äî Cleverciti | Smart Parking for Smart Cities","Cleverciti, as a smart city mobility solution partner, is the leader in 
comprehensive, high-tech, IoT, AI, smart parking solutions and systems for 
outdoor and on-street parking detection, monitoring, and guidance."
http://www.babelforce.com/,85,babelforce - The Best Voice Platform for Zendesk,"babelforce is the composable voice platform uniting agents and automation. Create the customer experiences you‚Äôve always wanted, with tools anyone can use."
http://inveox.com/,88,"Digital Pathology Solutions to Diagnose Cancer Accurately | Inveox","Inveox - Looking for cancer diagnosis solutions for your pathology lab? Consider a digital pathology solutions, which can streamline workflows and improve accuracy. Inquire Now!"
http://www.cansativa-group.de,85,Cansativa Group ‚Äì We enable Cannabis,No meta description
http://www.cytena.com/,88,"CYTENA | Award-Winning Lab Automation Instruments Company Serving Biopharmaceutical Firms and Academic Institutions",CYTENA is a leading biotechnology firm ‚Äì empowering cutting-edge research at the world‚Äôs leading pharmaceutical and academic institutions.
http://www.quantumrock.ai,86,"Home - quantumrock | Asset Management","quantumrock‚Äôs mission is to expand the investment universe by uncovering unique alpha sources, making them accessible for professional investors."
http://iconicholding.com/,81,Deutsche Digital Assets I DDA,"Deutsche Digital Assets (DDA) is the trusted one-stop-shop for investors seeking exposure to crypto assets. We offer a menu of crypto investment products and solutions including Crypto ETP‚Äôs, Quantitative and White Label Solutions and more."
http://www.jokr.com,95,"Online Supermarket | JOKR Groceries delivered instantly","Grocery shopping is easier now with JOKR, your instant delivery app. Order your groceries and favorite products in our online supermarket and get them instantly at your door. Download the app now and make your first grocery order on us. Available in IOs and Android. Access www.jokr.com for more info"
http://topas-therapeutics.com/topas/home/,91,Topas Therapeutics ‚Äì Transforming the field of immune tolerance,No meta description
http://www.getpenta.com,90,"Qonto | Business Banking & Finanzmanagement in einer App",Alle Gesch√§ftskonto-Funktionen plus ‚úì Finanzierungen ‚úì Rechnungs- und Ausgabenverwaltung ‚úì Buchhaltung ‚úì Kundenservice ‚û§ Qonto jetzt entdecken!
http://civey.com/,87,Civey - Know more. Act better. - Civey,Civey ist Vorreiter f√ºr digitale Markt- und Meinungsforschung in Echtzeit.
http://www.cybus.io/,81,"Factory Data Hub | Perfekte OT-IT Kollaboration | Cybus.io",Der Factory Data Hub schafft einen zentralen Datenfluss in Ihrer Fertigung. Optimieren Sie Ihre Produktion mit Echtzeit-Daten.
http://www.chrono24.com,100,Chrono24: The World's Leading Watch Market,"The largest selection of authentic luxury watches for sale: Rolex, Omega, Patek Philippe, and more! Find great deals from sellers in your area."
http://www.precipoint.com,84,PreciPoint ~ Digital Live Microscopy for Pathology,PreciPoint is a leading provider of digital live microscopy solutions for pathology. Our products are designed to improve the workflow in pathology labs.
http://hotelfriend.com,85,HotelFriend Property Management System - Hotel Software,"Grow hotel revenue with HotelFriend‚Äôs hotel management solutions for small family hotels or the world‚Äôs leading hospitality groups: channel manager, booking engine, POS, payment operations, hotel app"
http://www.leanix.net,95,"SAP LeanIX | Enterprise Architecture Transformation","Discover, Analyze, Secure, and Transform your IT Landscape with LeanIX Enterprise Architecture. An Easy Way to Drive Strategic Decisions."
http://www.semalytix.com,81,Patient & Physician experience insights - Semalytix,"Thousands of patients‚Äô and physicians‚Äô opinions whenever and how many times you want, in the exact detail you need?"
http://www.talentry.com,87,"Talentry TRM | Your central hub for strategic recruitment",Talentry becomes CleverConnect! Learn how our merged Candidate Experience Platform can support your recruitment from talent acquisition to retention.
http://www.steadyHQ.com,95,Steady ‚Äî One ecosystem for those who create,Giving independent media makers everything they need to build and manage a thriving membership community.
http://othoz.com/,88,Othoz wird Ultramarin,"Die Othoz GmbH mit Sitz in Berlin entwickelt quantitative Anlagestrategien auf Basis von Technologien des maschinellen Lernens. Die Umsetzung in Anlageprodukte erfolgt √ºber die Othoz Capital GmbH. Das interdisziplin√§re Team aus den Bereichen Finance, Computer und Data Science sowie Mathematik, Physik und Neurowissenschaften arbeitet daran, die komplexe Dynamik der Einflussgr√∂√üen und Interdependenzen an Finanzm√§rkten in holistischen Modellen abzubilden und mit den Best Practices moderner Anlageprozesse zusammenzuf√ºhren. Die 2017 gegr√ºndete Gesellschaft ist eingebettet in die weltweite Wissensentwicklung auf dem Gebiet k√ºnstlicher Intelligenz und geh√∂rt bereits heute zu den wichtigsten Impulsgebern im Anwendungsbereich Asset Management."
http://www.thing-it.com,88,Create a Better Workspace - Thing-it,"Elevate your office with Thing-it, the ultimate workplace platform. Boost 
growth, sustainability, and satisfaction through smart building IoT. 
Experience intelligent building operations at their best."